<xml xmlns:o="urn:schemas-microsoft-com:office:office">
 <o:MainFile HRef="../Help.htm"/>
 <o:File HRef="item0074.xml"/>
 <o:File HRef="props0075.xml"/>
 <o:File HRef="themedata.thmx"/>
 <o:File HRef="colorschememapping.xml"/>
 <o:File HRef="image003.png"/>
 <o:File HRef="image071.jpg"/>
 <o:File HRef="image005.png"/>
 <o:File HRef="image072.jpg"/>
 <o:File HRef="image007.png"/>
 <o:File HRef="image073.jpg"/>
 <o:File HRef="image009.png"/>
 <o:File HRef="image074.jpg"/>
 <o:File HRef="image011.png"/>
 <o:File HRef="image075.jpg"/>
 <o:File HRef="image013.png"/>
 <o:File HRef="image076.jpg"/>
 <o:File HRef="image015.png"/>
 <o:File HRef="image077.jpg"/>
 <o:File HRef="image017.png"/>
 <o:File HRef="image078.jpg"/>
 <o:File HRef="image019.png"/>
 <o:File HRef="image079.jpg"/>
 <o:File HRef="image021.png"/>
 <o:File HRef="image080.jpg"/>
 <o:File HRef="image023.png"/>
 <o:File HRef="image081.jpg"/>
 <o:File HRef="image025.png"/>
 <o:File HRef="image082.jpg"/>
 <o:File HRef="image027.png"/>
 <o:File HRef="image083.jpg"/>
 <o:File HRef="image029.png"/>
 <o:File HRef="image084.jpg"/>
 <o:File HRef="image031.png"/>
 <o:File HRef="image085.jpg"/>
 <o:File HRef="image033.png"/>
 <o:File HRef="image086.jpg"/>
 <o:File HRef="image035.png"/>
 <o:File HRef="image087.jpg"/>
 <o:File HRef="image037.png"/>
 <o:File HRef="image088.jpg"/>
 <o:File HRef="image039.png"/>
 <o:File HRef="image089.jpg"/>
 <o:File HRef="image041.png"/>
 <o:File HRef="image090.jpg"/>
 <o:File HRef="image043.png"/>
 <o:File HRef="image091.jpg"/>
 <o:File HRef="image045.png"/>
 <o:File HRef="image092.jpg"/>
 <o:File HRef="image047.png"/>
 <o:File HRef="image093.jpg"/>
 <o:File HRef="image049.png"/>
 <o:File HRef="image094.jpg"/>
 <o:File HRef="image051.png"/>
 <o:File HRef="image095.jpg"/>
 <o:File HRef="image053.png"/>
 <o:File HRef="image096.jpg"/>
 <o:File HRef="image055.png"/>
 <o:File HRef="image097.jpg"/>
 <o:File HRef="image057.png"/>
 <o:File HRef="image098.jpg"/>
 <o:File HRef="image059.png"/>
 <o:File HRef="image099.jpg"/>
 <o:File HRef="image100.jpg"/>
 <o:File HRef="image061.png"/>
 <o:File HRef="image101.jpg"/>
 <o:File HRef="image063.png"/>
 <o:File HRef="image102.jpg"/>
 <o:File HRef="image065.png"/>
 <o:File HRef="image103.jpg"/>
 <o:File HRef="image067.png"/>
 <o:File HRef="image104.jpg"/>
 <o:File HRef="image069.png"/>
 <o:File HRef="image105.jpg"/>
 <o:File HRef="filelist.xml"/>
</xml>